<?xml version="1.0" encoding="UTF-8" ?>
<!DOCTYPE mapper
      PUBLIC "-//mybatis.org//DTD Mapper 3.0//EN"
   "http://mybatis.org/dtd/mybatis-3-mapper.dtd">

<mapper namespace="mapper.board">
	<resultMap id="boardMap" type="boardVO">
		<id property="seq" column="seq" />
		<result property="writeSeq" column="write_seq" />
        <result property="currentSeq" column="current_seq" />
        <result property="title" column="title" />
        <result property="content" column="content" />
        <result property="readCount" column="read_count" />
        <result property="nextSeq" column="next_seq" />
        <result property="writer" column="writer" />
        <result property="userId" column="user_id" />
        <result property="writeDate" column="write_date" />
	</resultMap> 
	
	<select id="selectAllBoardList" resultMap="boardMap">
      <![CDATA[
         select * from board order by write_seq desc , current_seq asc
      ]]>
	</select>
	
	<select id="selectBoard" parameterType="int" resultType="boardVO">
		<![CDATA[
			select * from board where seq = #{seq}
		]]>
	</select>
	
	<select id="insertBoard" parameterType="boardVO">
		<![CDATA[
			insert into board(title, content, current_seq, next_seq) values(#{title}, #{content}, #{currentSeq}, #{nextSeq})
		]]>
	</select>
	
	<select id="updateReadCount" parameterType="java.lang.Integer">
      <![CDATA[
         update board set read_count = read_count + 1 where seq = #{seq}
      ]]>
	</select>
	
</mapper>







