<?xml version="1.0" encoding="UTF-8" ?>
<!DOCTYPE mapper
      PUBLIC "-//mybatis.org//DTD Mapper 3.0//EN"
   "http://mybatis.org/dtd/mybatis-3-mapper.dtd">

<mapper namespace="mapper.reply">
	<resultMap id="replyMap" type="replyVO">
		<id property="replySeq" column="reply_seq" />
		<result property="replyContent" column="reply_content" />
		<result property="replyDate" column="reply_date" />
		<result property="gbSeq" column="gb_seq" />
	</resultMap>
<!-- parameterType => "java.lang.Integer" or "int" 주소값을 불러도 되고 간단하게 타입만 써도 됨 -->

	<select id="selectReplyBySeq" parameterType="int" resultMap="replyMap" resultType="replyVO">
		<![CDATA[
			select 	r.reply_seq, r.reply_content, r.reply_date, r.gb_seq
					from reply r
					where r.reply_seq = #{seq}
	      ]]>
	</select>

</mapper>